Workbook

Sheet Review
A1: Scope & automation review — human decision worksheet (203 test cases)
A2: Fill ONLY the yellow MY_ columns (H, I, L, M). Pick Yes/No from the dropdown. Write a reason whenever you pick No (an orange cell means a reason is missing). Red = your answer differs from the AI suggestion. Purple = out of scope but marked for automation. Agreed? fills in once both of your Yes/No cells are set. Decision criteria and a filled-in example row: see the Guidance sheet. The AI_ columns are copied from test_design.csv, which this workbook does not change.
A3: Test case | F3: AI suggestion — scope | H3: YOUR decision — scope | J3: AI suggestion — automation | L3: YOUR decision — automation | N3: Check
A4: TC_ID | B4: Sub_Module | C4: Title | D4: Type | E4: Priority | F4: AI_suggested_valid_in_scope | G4: AI_reason | H4: MY_valid_in_scope | I4: MY_scope_reason | J4: AI_suggested_needs_automation | K4: AI_reason | L4: MY_needs_automation | M4: MY_automation_reason | N4: Agreed?
A5: TC_ADM_NAV_001 | B5: Login | C5: Successful login routes to Dashboard | D5: Functional | E5: P0 | F5: Yes | J5: Yes | N5: =IF(OR(H5="",L5=""),"",IF(AND(H5=F5,L5=J5),"Yes","No"))
A6: TC_ADM_NAV_002 | B6: Login | C6: Invalid credentials rejected without leaking which field is wrong (Admin/wrongPass) | D6: Negative | E6: P0 | F6: Yes | J6: Yes | N6: =IF(OR(H6="",L6=""),"",IF(AND(H6=F6,L6=J6),"Yes","No"))
A7: TC_ADM_NAV_003 | B7: Login | C7: Invalid credentials rejected without leaking which field is wrong (ghost/admin123) | D7: Negative | E7: P0 | F7: Yes | J7: Yes | K7: Parameter variant of TC_ADM_NAV_002: credentials ghost/admin123. Same page object/component; implemented as an added test in tests/admin/nav.spec.ts, not new code. (Promoted W2 -> W1: test_design_coverage.md §8 rule — every P0 case is Wave 1.) | N7: =IF(OR(H7="",L7=""),"",IF(AND(H7=F7,L7=J7),"Yes","No"))
A8: TC_ADM_NAV_004 | B8: Login | C8: Invalid credentials rejected without leaking which field is wrong (ADMIN/admin123) — KNOWN DEFECT: BUG-003 | D8: Negative | E8: P0 | F8: Yes | J8: Yes | K8: Known-defect guard for BUG-003 (case-insensitive username login) — same page object as TC_ADM_NAV_002, asserting the opposite (actual) outcome. Implemented in tests/admin/nav.spec.ts. (Promoted W2 -> W1: test_design_coverage.md §8 rule — every P0 case is Wave 1.) | N8: =IF(OR(H8="",L8=""),"",IF(AND(H8=F8,L8=J8),"Yes","No"))
A9: TC_ADM_NAV_005 | B9: Login | C9: Required-field validation — Username left empty | D9: Validation | E9: P1 | F9: Yes | J9: Yes | N9: =IF(OR(H9="",L9=""),"",IF(AND(H9=F9,L9=J9),"Yes","No"))
A10: TC_ADM_NAV_006 | B10: Login | C10: Required-field validation — Password left empty | D10: Validation | E10: P1 | F10: Yes | J10: Yes | K10: Wave 2 — parameter variant of TC_ADM_NAV_005: Password field left empty. Same page object/component; implement as an added data row, not new code. | N10: =IF(OR(H10="",L10=""),"",IF(AND(H10=F10,L10=J10),"Yes","No"))
A11: TC_ADM_NAV_007 | B11: Login | C11: Deep link while unauthenticated redirects to login | D11: Negative | E11: P0 | F11: Yes | J11: Yes | N11: =IF(OR(H11="",L11=""),"",IF(AND(H11=F11,L11=J11),"Yes","No"))
A12: TC_ADM_NAV_008 | B12: Admin sidebar | C12: Admin top-tab "User Management" navigates to "System Users" | D12: Navigation | E12: P2 | F12: Yes | J12: Yes | N12: =IF(OR(H12="",L12=""),"",IF(AND(H12=F12,L12=J12),"Yes","No"))
A13: TC_ADM_NAV_009 | B13: Admin sidebar | C13: Admin top-tab "Job" navigates to "Job Titles" | D13: Navigation | E13: P2 | F13: Yes | J13: Yes | K13: Wave 2 — parameter variant of TC_ADM_NAV_008: Job tab -> Job Titles. Same page object/component; implement as an added data row, not new code. | N13: =IF(OR(H13="",L13=""),"",IF(AND(H13=F13,L13=J13),"Yes","No"))
A14: TC_ADM_NAV_010 | B14: Admin sidebar | C14: Admin top-tab "Organization" navigates to "General Information" | D14: Navigation | E14: P2 | F14: Yes | J14: Yes | K14: Wave 2 — parameter variant of TC_ADM_NAV_008: Organization tab -> General Information. Same page object/component; implement as an added data row, not new code. | N14: =IF(OR(H14="",L14=""),"",IF(AND(H14=F14,L14=J14),"Yes","No"))
A15: TC_ADM_NAV_011 | B15: Admin sidebar | C15: Admin top-tab "Qualifications" navigates to "Skills" | D15: Navigation | E15: P2 | F15: Yes | J15: Yes | K15: Wave 2 — parameter variant of TC_ADM_NAV_008: Qualifications tab -> Skills. Same page object/component; implement as an added data row, not new code. | N15: =IF(OR(H15="",L15=""),"",IF(AND(H15=F15,L15=J15),"Yes","No"))
A16: TC_ADM_NAV_012 | B16: Admin sidebar | C16: Admin top-tab "Nationalities" navigates to "Nationalities" | D16: Navigation | E16: P2 | F16: Yes | J16: Yes | K16: Wave 2 — parameter variant of TC_ADM_NAV_008: Nationalities tab -> Nationalities. Same page object/component; implement as an added data row, not new code. | N16: =IF(OR(H16="",L16=""),"",IF(AND(H16=F16,L16=J16),"Yes","No"))
A17: TC_ADM_NAV_013 | B17: Admin sidebar | C17: Admin top-tab "Corporate Branding" navigates to "Corporate Branding" | D17: Navigation | E17: P2 | F17: Yes | J17: Yes | K17: Wave 2 — parameter variant of TC_ADM_NAV_008: Corporate Branding tab -> Corporate Branding. Same page object/component; implement as an added data row, not new code. | N17: =IF(OR(H17="",L17=""),"",IF(AND(H17=F17,L17=J17),"Yes","No"))
A18: TC_ADM_NAV_014 | B18: Admin sidebar | C18: Admin top-tab "Configuration" navigates to "Email Configuration" | D18: Navigation | E18: P2 | F18: Yes | J18: Yes | K18: Wave 2 — parameter variant of TC_ADM_NAV_008: Configuration tab -> Email Configuration. Same page object/component; implement as an added data row, not new code. | N18: =IF(OR(H18="",L18=""),"",IF(AND(H18=F18,L18=J18),"Yes","No"))
A19: TC_ADM_NAV_015 | B19: Session | C19: Logout invalidates the session | D19: Functional | E19: P0 | F19: Yes | J19: Yes | N19: =IF(OR(H19="",L19=""),"",IF(AND(H19=F19,L19=J19),"Yes","No"))
A20: TC_ADM_NAV_016 | B20: Session | C20: Back-navigation after logout does not expose authenticated screens | D20: Negative | E20: P0 | F20: Yes | J20: Yes | N20: =IF(OR(H20="",L20=""),"",IF(AND(H20=F20,L20=J20),"Yes","No"))
A21: TC_ADM_USR_001 | B21: User Management > Users | C21: Add a valid ESS user | D21: Functional | E21: P0 | F21: Yes | J21: Yes | N21: =IF(OR(H21="",L21=""),"",IF(AND(H21=F21,L21=J21),"Yes","No"))
A22: TC_ADM_USR_002 | B22: User Management > Users | C22: Username uniqueness is enforced | D22: Negative | E22: P0 | F22: Yes | J22: Yes | N22: =IF(OR(H22="",L22=""),"",IF(AND(H22=F22,L22=J22),"Yes","No"))
A23: TC_ADM_USR_003 | B23: User Management > Users | C23: Mandatory field blocks submission — User Role empty | D23: Validation | E23: P0 | F23: Yes | J23: Yes | N23: =IF(OR(H23="",L23=""),"",IF(AND(H23=F23,L23=J23),"Yes","No"))
A24: TC_ADM_USR_004 | B24: User Management > Users | C24: Mandatory field blocks submission — Employee Name empty | D24: Validation | E24: P1 | F24: Yes | J24: Yes | K24: Wave 2 — parameter variant of TC_ADM_USR_003: Employee Name left empty. Same page object/component; implement as an added data row, not new code. | N24: =IF(OR(H24="",L24=""),"",IF(AND(H24=F24,L24=J24),"Yes","No"))
A25: TC_ADM_USR_005 | B25: User Management > Users | C25: Mandatory field blocks submission — Status empty | D25: Validation | E25: P0 | F25: Yes | J25: Yes | K25: Parameter variant of TC_ADM_USR_003: Status left empty. Same page object/component (submitAddFormWithEmptyField, already typed for this field); implemented as an added test in tests/admin/usr.spec.ts, not new code. (Promoted W2 -> W1: test_design_coverage.md §8 rule — every P0 case is Wave 1.) | N25: =IF(OR(H25="",L25=""),"",IF(AND(H25=F25,L25=J25),"Yes","No"))
A26: TC_ADM_USR_006 | B26: User Management > Users | C26: Mandatory field blocks submission — Username empty | D26: Validation | E26: P0 | F26: Yes | J26: Yes | K26: Parameter variant of TC_ADM_USR_003: Username left empty. Same page object/component (submitAddFormWithEmptyField, already typed for this field); implemented as an added test in tests/admin/usr.spec.ts, not new code. (Promoted W2 -> W1: test_design_coverage.md §8 rule — every P0 case is Wave 1.) | N26: =IF(OR(H26="",L26=""),"",IF(AND(H26=F26,L26=J26),"Yes","No"))
A27: TC_ADM_USR_007 | B27: User Management > Users | C27: Mandatory field blocks submission — Password empty | D27: Validation | E27: P0 | F27: Yes | J27: Yes | K27: Parameter variant of TC_ADM_USR_003: Password left empty. Same page object/component (submitAddFormWithEmptyField, already typed for this field); implemented as an added test in tests/admin/usr.spec.ts, not new code. (Promoted W2 -> W1: test_design_coverage.md §8 rule — every P0 case is Wave 1.) | N27: =IF(OR(H27="",L27=""),"",IF(AND(H27=F27,L27=J27),"Yes","No"))
A28: TC_ADM_USR_008 | B28: User Management > Users | C28: Employee Name must be chosen from the hint list | D28: Negative | E28: P1 | F28: Yes | J28: Yes | K28: Wave 2 — reuses TC_ADM_USR_001's Employee Name autocomplete helper; adds the "no suggestion selected" negative assertion. Not a pure data variant. | N28: =IF(OR(H28="",L28=""),"",IF(AND(H28=F28,L28=J28),"Yes","No"))
A29: TC_ADM_USR_009 | B29: User Management > Users | C29: Password policy feedback for "abc" | D29: Boundary | E29: P1 | F29: Yes | J29: Yes | N29: =IF(OR(H29="",L29=""),"",IF(AND(H29=F29,L29=J29),"Yes","No"))
A30: TC_ADM_USR_010 | B30: User Management > Users | C30: Password policy feedback for "Password" | D30: Validation | E30: P1 | F30: Yes | J30: Yes | K30: Wave 2 — parameter variant of TC_ADM_USR_009: password "Password". Same page object/component; implement as an added data row, not new code. | N30: =IF(OR(H30="",L30=""),"",IF(AND(H30=F30,L30=J30),"Yes","No"))
A31: TC_ADM_USR_011 | B31: User Management > Users | C31: No upper-case requirement exists on this build | D31: Regression | E31: P2 | F31: Yes | J31: Yes | K31: Wave 2 — parameter variant of TC_ADM_USR_009: password "alllowercase1" (no-uppercase-required regression). Same page object/component; implement as an added data row, not new code. | N31: =IF(OR(H31="",L31=""),"",IF(AND(H31=F31,L31=J31),"Yes","No"))
A32: TC_ADM_USR_012 | B32: User Management > Users | C32: Confirm Password mismatch is rejected | D32: Validation | E32: P1 | F32: Yes | J32: Yes | K32: Wave 2 — reuses TC_ADM_USR_003's Add User form fixture; adds the Confirm-Password-mismatch assertion. Not a pure data variant. | N32: =IF(OR(H32="",L32=""),"",IF(AND(H32=F32,L32=J32),"Yes","No"))
A33: TC_ADM_USR_013 | B33: User Management > Users | C33: Search filter "Username" = "Admin" returns a consistent result set | D33: Functional | E33: P1 | F33: Yes | J33: Yes | N33: =IF(OR(H33="",L33=""),"",IF(AND(H33=F33,L33=J33),"Yes","No"))
A34: TC_ADM_USR_014 | B34: User Management > Users | C34: Search filter "User Role" = "ESS" returns a consistent result set | D34: Functional | E34: P1 | F34: Yes | J34: Yes | K34: Wave 2 — parameter variant of TC_ADM_USR_013: User Role = ESS filter. Same page object/component; implement as an added data row, not new code. | N34: =IF(OR(H34="",L34=""),"",IF(AND(H34=F34,L34=J34),"Yes","No"))
A35: TC_ADM_USR_015 | B35: User Management > Users | C35: Search filter "Status" = "Enabled" returns a consistent result set | D35: Functional | E35: P1 | F35: Yes | J35: Yes | K35: Wave 2 — parameter variant of TC_ADM_USR_013: Status = Enabled filter. Same page object/component; implement as an added data row, not new code. | N35: =IF(OR(H35="",L35=""),"",IF(AND(H35=F35,L35=J35),"Yes","No"))
A36: TC_ADM_USR_016 | B36: User Management > Users | C36: Search with no match shows the empty state | D36: Negative | E36: P2 | F36: Yes | J36: Yes | K36: Wave 2 — reuses TC_ADM_USR_013's search interaction; asserts the empty state instead of a filter match. Not a pure data variant. | N36: =IF(OR(H36="",L36=""),"",IF(AND(H36=F36,L36=J36),"Yes","No"))
A37: TC_ADM_USR_017 | B37: User Management > Users | C37: Reset clears all filters | D37: Functional | E37: P2 | F37: Yes | J37: Yes | K37: Wave 2 — reuses TC_ADM_USR_013's search fixture; adds the Reset-clears-filters assertion. Not a pure data variant. | N37: =IF(OR(H37="",L37=""),"",IF(AND(H37=F37,L37=J37),"Yes","No"))
A38: TC_ADM_USR_018 | B38: User Management > Users | C38: Edit a system user's role | D38: Functional | E38: P0 | F38: Yes | J38: Yes | N38: =IF(OR(H38="",L38=""),"",IF(AND(H38=F38,L38=J38),"Yes","No"))
A39: TC_ADM_USR_019 | B39: User Management > Users | C39: Password is optional on edit | D39: UI/UX | E39: P2 | F39: Yes | J39: Yes | K39: Wave 2 — reuses TC_ADM_USR_018's edit-flow fixture; adds the password-fields-hidden-until-toggled assertion. Not a pure data variant. | N39: =IF(OR(H39="",L39=""),"",IF(AND(H39=F39,L39=J39),"Yes","No"))
A40: TC_ADM_USR_020 | B40: User Management > Users | C40: Delete a single user with confirmation | D40: Functional | E40: P0 | F40: Yes | J40: Yes | N40: =IF(OR(H40="",L40=""),"",IF(AND(H40=F40,L40=J40),"Yes","No"))
A41: TC_ADM_USR_021 | B41: User Management > Users | C41: Cancelling the delete dialog preserves the record | D41: Negative | E41: P1 | F41: Yes | J41: Yes | K41: Wave 2 — parameter variant of TC_ADM_USR_020: "No, Cancel" instead of "Yes, Delete" on the same dialog. Same page object/component; implement as an added data row, not new code. | N41: =IF(OR(H41="",L41=""),"",IF(AND(H41=F41,L41=J41),"Yes","No"))
A42: TC_ADM_USR_022 | B42: User Management > Users | C42: Bulk delete via header checkbox | D42: Functional | E42: P0 | F42: Yes | J42: Yes | N42: =IF(OR(H42="",L42=""),"",IF(AND(H42=F42,L42=J42),"Yes","No"))
A43: TC_ADM_USR_023 | B43: User Management > Users | C43: Pagination integrity on the Users list | D43: Functional | E43: P2 | F43: No | G43: Exploration.md §2.1 recorded that every observation window on this screen showed ≤11 records — well under one page — and creating 50+ owned e2e_ users to force pagination would violate the self-contained/minimal-footprint spirit of Constitution Article VI. Pagination (BR-07) is instead exercised on Nationalities (see TC_ADM_NAT), the only Admin screen with enough records (exploration.md §2.1, §2.5). | J43: No | K43: Not applicable — case is out of scope on this screen; see scope_reason. Coverage is provided by TC_ADM_NAT_010. | N43: =IF(OR(H43="",L43=""),"",IF(AND(H43=F43,L43=J43),"Yes","No"))
A44: TC_ADM_USR_024 | B44: User Management > Users | C44: Row action icons are ordered delete-then-edit (FIND-004 regression guard) | D44: Regression | E44: P2 | F44: Yes | J44: Yes | N44: =IF(OR(H44="",L44=""),"",IF(AND(H44=F44,L44=J44),"Yes","No"))
A45: TC_ADM_JOB_001 | B45: Job Titles | C45: Create a Job Titles record | D45: Functional | E45: P1 | F45: Yes | J45: Yes | N45: =IF(OR(H45="",L45=""),"",IF(AND(H45=F45,L45=J45),"Yes","No"))
A46: TC_ADM_JOB_002 | B46: Job Titles | C46: Mandatory validation — Job Title empty | D46: Validation | E46: P1 | F46: Yes | J46: Yes | N46: =IF(OR(H46="",L46=""),"",IF(AND(H46=F46,L46=J46),"Yes","No"))
A47: TC_ADM_JOB_003 | B47: Job Titles | C47: Duplicate Job Title is rejected | D47: Negative | E47: P1 | F47: Yes | J47: No | K47: Duplicate rejection was not directly exercised on this screen in M2 (exploration.md §2.2 only exercised a create/delete cycle on Job Titles, not duplicate rejection); the exact "Already exists" wording is assumed by analogy, not verbatim-confirmed here. Confirm during M4 before automating. | N47: =IF(OR(H47="",L47=""),"",IF(AND(H47=F47,L47=J47),"Yes","No"))
A48: TC_ADM_JOB_004 | B48: Job Titles | C48: Job Title boundary length (51 characters) | D48: Boundary | E48: P2 | F48: Yes | J48: No | K48: The 51-character boundary (truncation vs. an explicit length error) was not exercised on any screen during M2 (exploration.md §2); Constitution Article V.3 forbids hard-coding an assumed expected result for a scenario that has not been exploration-verified. Resolve during M4 manual execution, then re-classify for M5. | N48: =IF(OR(H48="",L48=""),"",IF(AND(H48=F48,L48=J48),"Yes","No"))
A49: TC_ADM_JOB_005 | B49: Job Titles | C49: Job Title invalid format | D49: Negative | E49: P3 | F49: No | G49: Field is free-form text with no format constraint distinct from its mandatory/length rules on this build; no separate format-specific validation was observed for this field during M2 (exploration.md §2), and none is applicable beyond the mandatory/duplicate/boundary cases already covered. | J49: No | K49: Not applicable — case is out of scope; see scope_reason. | N49: =IF(OR(H49="",L49=""),"",IF(AND(H49=F49,L49=J49),"Yes","No"))
A50: TC_ADM_JOB_006 | B50: Job Titles | C50: Edit an existing Job Titles record | D50: Functional | E50: P1 | F50: Yes | J50: Yes | N50: =IF(OR(H50="",L50=""),"",IF(AND(H50=F50,L50=J50),"Yes","No"))
A51: TC_ADM_JOB_007 | B51: Job Titles | C51: Cancel discards changes on Job Titles | D51: Negative | E51: P2 | F51: Yes | J51: Yes | N51: =IF(OR(H51="",L51=""),"",IF(AND(H51=F51,L51=J51),"Yes","No"))
A52: TC_ADM_JOB_008 | B52: Job Titles | C52: Delete a Job Titles record with confirmation | D52: Functional | E52: P1 | F52: Yes | J52: Yes | N52: =IF(OR(H52="",L52=""),"",IF(AND(H52=F52,L52=J52),"Yes","No"))
A53: TC_ADM_JOB_009 | B53: Job Titles | C53: Cancelling delete preserves the Job Titles record | D53: Negative | E53: P2 | F53: Yes | J53: Yes | N53: =IF(OR(H53="",L53=""),"",IF(AND(H53=F53,L53=J53),"Yes","No"))
A54: TC_ADM_JOB_010 | B54: Job Titles | C54: Attach a Job Specification file within the 1MB limit | D54: Functional | E54: P2 | F54: Yes | J54: No | K54: File-upload happy path on Job Titles was not exercised during M2 (exploration.md §9: "file-upload happy path was not exercised here ... should get its own pass in M3"); only Corporate Branding's upload validation was stress-tested. | N54: =IF(OR(H54="",L54=""),"",IF(AND(H54=F54,L54=J54),"Yes","No"))
A55: TC_ADM_JOB_011 | B55: Job Titles | C55: Attach an unsupported file type to Job Specification | D55: Negative | E55: P2 | F55: Yes | J55: No | K55: Not exercised on Job Titles during M2. Note for M4: Corporate Branding's equivalent unsupported-type case surfaced a misleading "Attachment Size Exceeded" message (BUG-002) from a shared image-decode code path — Job Titles' Job Specification may or may not share that component; confirm independently, do not assume BUG-002 applies here. | N55: =IF(OR(H55="",L55=""),"",IF(AND(H55=F55,L55=J55),"Yes","No"))
A56: TC_ADM_JOB_012 | B56: Job Titles | C56: Replace an existing Job Specification attachment | D56: Functional | E56: P3 | F56: Yes | J56: No | K56: Not exercised during M2 (exploration.md §9). | N56: =IF(OR(H56="",L56=""),"",IF(AND(H56=F56,L56=J56),"Yes","No"))
A57: TC_ADM_JOB_013 | B57: Job Titles | C57: Delete an existing Job Specification attachment | D57: Functional | E57: P3 | F57: Yes | J57: No | K57: Not exercised during M2 (exploration.md §9). | N57: =IF(OR(H57="",L57=""),"",IF(AND(H57=F57,L57=J57),"Yes","No"))
A58: TC_ADM_JOB_014 | B58: Pay Grades | C58: Create a Pay Grades record | D58: Functional | E58: P1 | F58: Yes | J58: Yes | K58: Wave 2 — parameter variant of TC_ADM_JOB_001: create, data-driven for Pay Grades. Same page object/component; implement as an added data row, not new code. | N58: =IF(OR(H58="",L58=""),"",IF(AND(H58=F58,L58=J58),"Yes","No"))
A59: TC_ADM_JOB_015 | B59: Pay Grades | C59: Mandatory validation — Name empty | D59: Validation | E59: P1 | F59: Yes | J59: Yes | K59: Wave 2 — parameter variant of TC_ADM_JOB_002: mandatory validation, data-driven for Pay Grades. Same page object/component; implement as an added data row, not new code. | N59: =IF(OR(H59="",L59=""),"",IF(AND(H59=F59,L59=J59),"Yes","No"))
A60: TC_ADM_JOB_016 | B60: Pay Grades | C60: Duplicate Name is rejected | D60: Negative | E60: P1 | F60: Yes | J60: No | K60: Duplicate rejection was not directly exercised on this screen in M2 (exploration.md §2.2 only exercised the nested Currency Min/Max boundary on Pay Grades, not top-level Name duplication); the exact "Already exists" wording is assumed by analogy, not verbatim-confirmed here. Confirm during M4 before automating. | N60: =IF(OR(H60="",L60=""),"",IF(AND(H60=F60,L60=J60),"Yes","No"))
A61: TC_ADM_JOB_017 | B61: Pay Grades | C61: Name boundary length (51 characters) | D61: Boundary | E61: P2 | F61: Yes | J61: No | K61: The 51-character boundary (truncation vs. an explicit length error) was not exercised on any screen during M2 (exploration.md §2); Constitution Article V.3 forbids hard-coding an assumed expected result for a scenario that has not been exploration-verified. Resolve during M4 manual execution, then re-classify for M5. | N61: =IF(OR(H61="",L61=""),"",IF(AND(H61=F61,L61=J61),"Yes","No"))
A62: TC_ADM_JOB_018 | B62: Pay Grades | C62: Name invalid format | D62: Negative | E62: P3 | F62: No | G62: Field is free-form text with no format constraint distinct from its mandatory/length rules on this build; no separate format-specific validation was observed for this field during M2 (exploration.md §2), and none is applicable beyond the mandatory/duplicate/boundary cases already covered. | J62: No | K62: Not applicable — case is out of scope; see scope_reason. | N62: =IF(OR(H62="",L62=""),"",IF(AND(H62=F62,L62=J62),"Yes","No"))
A63: TC_ADM_JOB_019 | B63: Pay Grades | C63: Edit an existing Pay Grades record | D63: Functional | E63: P1 | F63: Yes | J63: Yes | K63: Wave 2 — parameter variant of TC_ADM_JOB_006: edit, data-driven for Pay Grades. Same page object/component; implement as an added data row, not new code. | N63: =IF(OR(H63="",L63=""),"",IF(AND(H63=F63,L63=J63),"Yes","No"))
A64: TC_ADM_JOB_020 | B64: Pay Grades | C64: Cancel discards changes on Pay Grades | D64: Negative | E64: P2 | F64: Yes | J64: Yes | K64: Wave 2 — parameter variant of TC_ADM_JOB_007: cancel, data-driven for Pay Grades. Same page object/component; implement as an added data row, not new code. | N64: =IF(OR(H64="",L64=""),"",IF(AND(H64=F64,L64=J64),"Yes","No"))
A65: TC_ADM_JOB_021 | B65: Pay Grades | C65: Delete a Pay Grades record with confirmation | D65: Functional | E65: P1 | F65: Yes | J65: Yes | K65: Wave 2 — parameter variant of TC_ADM_JOB_008: delete-confirm, data-driven for Pay Grades. Same page object/component; implement as an added data row, not new code. | N65: =IF(OR(H65="",L65=""),"",IF(AND(H65=F65,L65=J65),"Yes","No"))
A66: TC_ADM_JOB_022 | B66: Pay Grades | C66: Cancelling delete preserves the Pay Grades record | D66: Negative | E66: P2 | F66: Yes | J66: Yes | K66: Wave 2 — parameter variant of TC_ADM_JOB_009: delete-cancel, data-driven for Pay Grades. Same page object/component; implement as an added data row, not new code. | N66: =IF(OR(H66="",L66=""),"",IF(AND(H66=F66,L66=J66),"Yes","No"))
A67: TC_ADM_JOB_023 | B67: Pay Grades | C67: Currency Minimum Salary must not exceed Maximum Salary | D67: Boundary | E67: P1 | F67: Yes | J67: Yes | N67: =IF(OR(H67="",L67=""),"",IF(AND(H67=F67,L67=J67),"Yes","No"))
A68: TC_ADM_JOB_024 | B68: Pay Grades | C68: Duplicate currency on the same Pay Grade is rejected | D68: Negative | E68: P2 | F68: Yes | J68: No | K68: Duplicate-currency rejection was described in prd.md/spec.md but not directly exercised during M2 (exploration.md §2.2 only tested the Min/Max boundary). | N68: =IF(OR(H68="",L68=""),"",IF(AND(H68=F68,L68=J68),"Yes","No"))
A69: TC_ADM_JOB_025 | B69: Pay Grades | C69: Currency dropdown resolves by exact text among ~150 options | D69: Functional | E69: P2 | F69: Yes | J69: Yes | K69: Wave 2 — reuses TC_ADM_JOB_023's Currency sub-form component; adds the ~150-option exact-text dropdown-match check instead of the Min/Max boundary. Not a pure data variant. | N69: =IF(OR(H69="",L69=""),"",IF(AND(H69=F69,L69=J69),"Yes","No"))
A70: TC_ADM_JOB_026 | B70: Employment Status | C70: Create a Employment Status record | D70: Functional | E70: P1 | F70: Yes | J70: Yes | K70: Wave 2 — parameter variant of TC_ADM_JOB_001: create, data-driven for Employment Status. Same page object/component; implement as an added data row, not new code. | N70: =IF(OR(H70="",L70=""),"",IF(AND(H70=F70,L70=J70),"Yes","No"))
A71: TC_ADM_JOB_027 | B71: Employment Status | C71: Mandatory validation — Employment Status empty | D71: Validation | E71: P1 | F71: Yes | J71: Yes | K71: Wave 2 — parameter variant of TC_ADM_JOB_002: mandatory validation, data-driven for Employment Status. Same page object/component; implement as an added data row, not new code. | N71: =IF(OR(H71="",L71=""),"",IF(AND(H71=F71,L71=J71),"Yes","No"))
A72: TC_ADM_JOB_028 | B72: Employment Status | C72: Duplicate Employment Status is rejected | D72: Negative | E72: P1 | F72: Yes | J72: No | K72: Duplicate rejection was not directly exercised on this screen in M2 (exploration.md §2.2 — Employment Status was a confirmatory pass only, no mutation performed); the exact "Already exists" wording is assumed by analogy, not verbatim-confirmed here. Confirm during M4 before automating. | N72: =IF(OR(H72="",L72=""),"",IF(AND(H72=F72,L72=J72),"Yes","No"))
A73: TC_ADM_JOB_029 | B73: Employment Status | C73: Employment Status boundary length (51 characters) | D73: Boundary | E73: P2 | F73: Yes | J73: No | K73: The 51-character boundary (truncation vs. an explicit length error) was not exercised on any screen during M2 (exploration.md §2); Constitution Article V.3 forbids hard-coding an assumed expected result for a scenario that has not been exploration-verified. Resolve during M4 manual execution, then re-classify for M5. | N73: =IF(OR(H73="",L73=""),"",IF(AND(H73=F73,L73=J73),"Yes","No"))
A74: TC_ADM_JOB_030 | B74: Employment Status | C74: Employment Status invalid format | D74: Negative | E74: P3 | F74: No | G74: Field is free-form text with no format constraint distinct from its mandatory/length rules on this build; no separate format-specific validation was observed for this field during M2 (exploration.md §2), and none is applicable beyond the mandatory/duplicate/boundary cases already covered. | J74: No | K74: Not applicable — case is out of scope; see scope_reason. | N74: =IF(OR(H74="",L74=""),"",IF(AND(H74=F74,L74=J74),"Yes","No"))
A75: TC_ADM_JOB_031 | B75: Employment Status | C75: Edit an existing Employment Status record | D75: Functional | E75: P1 | F75: Yes | J75: Yes | K75: Wave 2 — parameter variant of TC_ADM_JOB_006: edit, data-driven for Employment Status. Same page object/component; implement as an added data row, not new code. | N75: =IF(OR(H75="",L75=""),"",IF(AND(H75=F75,L75=J75),"Yes","No"))
A76: TC_ADM_JOB_032 | B76: Employment Status | C76: Cancel discards changes on Employment Status | D76: Negative | E76: P2 | F76: Yes | J76: Yes | K76: Wave 2 — parameter variant of TC_ADM_JOB_007: cancel, data-driven for Employment Status. Same page object/component; implement as an added data row, not new code. | N76: =IF(OR(H76="",L76=""),"",IF(AND(H76=F76,L76=J76),"Yes","No"))
A77: TC_ADM_JOB_033 | B77: Employment Status | C77: Delete a Employment Status record with confirmation | D77: Functional | E77: P1 | F77: Yes | J77: Yes | K77: Wave 2 — parameter variant of TC_ADM_JOB_008: delete-confirm, data-driven for Employment Status. Same page object/component; implement as an added data row, not new code. | N77: =IF(OR(H77="",L77=""),"",IF(AND(H77=F77,L77=J77),"Yes","No"))
A78: TC_ADM_JOB_034 | B78: Employment Status | C78: Cancelling delete preserves the Employment Status record | D78: Negative | E78: P2 | F78: Yes | J78: Yes | K78: Wave 2 — parameter variant of TC_ADM_JOB_009: delete-cancel, data-driven for Employment Status. Same page object/component; implement as an added data row, not new code. | N78: =IF(OR(H78="",L78=""),"",IF(AND(H78=F78,L78=J78),"Yes","No"))
A79: TC_ADM_JOB_035 | B79: Employment Status | C79: New Employment Status becomes selectable in PIM Job tab | D79: Navigation | E79: P3 | F79: Yes | J79: No | K79: This cross-module (PIM) check was not exercised during M2, which walked Admin screens only (exploration.md §2). Confirm during M4 before automating; it remains UI-only and in scope per spec.md US-02-03. | N79: =IF(OR(H79="",L79=""),"",IF(AND(H79=F79,L79=J79),"Yes","No"))
A80: TC_ADM_JOB_036 | B80: Job Categories | C80: Create a Job Categories record | D80: Functional | E80: P1 | F80: Yes | J80: Yes | K80: Wave 2 — parameter variant of TC_ADM_JOB_001: create, data-driven for Job Categories. Same page object/component; implement as an added data row, not new code. | N80: =IF(OR(H80="",L80=""),"",IF(AND(H80=F80,L80=J80),"Yes","No"))
A81: TC_ADM_JOB_037 | B81: Job Categories | C81: Mandatory validation — Job Category empty | D81: Validation | E81: P1 | F81: Yes | J81: Yes | K81: Wave 2 — parameter variant of TC_ADM_JOB_002: mandatory validation, data-driven for Job Categories. Same page object/component; implement as an added data row, not new code. | N81: =IF(OR(H81="",L81=""),"",IF(AND(H81=F81,L81=J81),"Yes","No"))
A82: TC_ADM_JOB_038 | B82: Job Categories | C82: Duplicate Job Category is rejected | D82: Negative | E82: P1 | F82: Yes | J82: No | K82: Duplicate rejection was not directly exercised on this screen in M2 (exploration.md §2.2 — Job Categories was a confirmatory pass only, no mutation performed); the exact "Already exists" wording is assumed by analogy, not verbatim-confirmed here. Confirm during M4 before automating. | N82: =IF(OR(H82="",L82=""),"",IF(AND(H82=F82,L82=J82),"Yes","No"))
A83: TC_ADM_JOB_039 | B83: Job Categories | C83: Job Category boundary length (51 characters) | D83: Boundary | E83: P2 | F83: Yes | J83: No | K83: The 51-character boundary (truncation vs. an explicit length error) was not exercised on any screen during M2 (exploration.md §2); Constitution Article V.3 forbids hard-coding an assumed expected result for a scenario that has not been exploration-verified. Resolve during M4 manual execution, then re-classify for M5. | N83: =IF(OR(H83="",L83=""),"",IF(AND(H83=F83,L83=J83),"Yes","No"))
A84: TC_ADM_JOB_040 | B84: Job Categories | C84: Job Category invalid format | D84: Negative | E84: P3 | F84: No | G84: Field is free-form text with no format constraint distinct from its mandatory/length rules on this build; no separate format-specific validation was observed for this field during M2 (exploration.md §2), and none is applicable beyond the mandatory/duplicate/boundary cases already covered. | J84: No | K84: Not applicable — case is out of scope; see scope_reason. | N84: =IF(OR(H84="",L84=""),"",IF(AND(H84=F84,L84=J84),"Yes","No"))
A85: TC_ADM_JOB_041 | B85: Job Categories | C85: Edit an existing Job Categories record | D85: Functional | E85: P1 | F85: Yes | J85: Yes | K85: Wave 2 — parameter variant of TC_ADM_JOB_006: edit, data-driven for Job Categories. Same page object/component; implement as an added data row, not new code. | N85: =IF(OR(H85="",L85=""),"",IF(AND(H85=F85,L85=J85),"Yes","No"))
A86: TC_ADM_JOB_042 | B86: Job Categories | C86: Cancel discards changes on Job Categories | D86: Negative | E86: P2 | F86: Yes | J86: Yes | K86: Wave 2 — parameter variant of TC_ADM_JOB_007: cancel, data-driven for Job Categories. Same page object/component; implement as an added data row, not new code. | N86: =IF(OR(H86="",L86=""),"",IF(AND(H86=F86,L86=J86),"Yes","No"))
A87: TC_ADM_JOB_043 | B87: Job Categories | C87: Delete a Job Categories record with confirmation | D87: Functional | E87: P1 | F87: Yes | J87: Yes | K87: Wave 2 — parameter variant of TC_ADM_JOB_008: delete-confirm, data-driven for Job Categories. Same page object/component; implement as an added data row, not new code. | N87: =IF(OR(H87="",L87=""),"",IF(AND(H87=F87,L87=J87),"Yes","No"))
A88: TC_ADM_JOB_044 | B88: Job Categories | C88: Cancelling delete preserves the Job Categories record | D88: Negative | E88: P2 | F88: Yes | J88: Yes | K88: Wave 2 — parameter variant of TC_ADM_JOB_009: delete-cancel, data-driven for Job Categories. Same page object/component; implement as an added data row, not new code. | N88: =IF(OR(H88="",L88=""),"",IF(AND(H88=F88,L88=J88),"Yes","No"))
A89: TC_ADM_JOB_045 | B89: Work Shifts | C89: Create a Work Shifts record | D89: Functional | E89: P1 | F89: Yes | J89: Yes | K89: Wave 2 — parameter variant of TC_ADM_JOB_001: create, data-driven for Work Shifts. Same page object/component; implement as an added data row, not new code. | N89: =IF(OR(H89="",L89=""),"",IF(AND(H89=F89,L89=J89),"Yes","No"))
A90: TC_ADM_JOB_046 | B90: Work Shifts | C90: Mandatory validation — Shift Name empty | D90: Validation | E90: P1 | F90: Yes | J90: Yes | K90: Wave 2 — parameter variant of TC_ADM_JOB_002: mandatory validation, data-driven for Work Shifts. Same page object/component; implement as an added data row, not new code. | N90: =IF(OR(H90="",L90=""),"",IF(AND(H90=F90,L90=J90),"Yes","No"))
A91: TC_ADM_JOB_047 | B91: Work Shifts | C91: Duplicate Shift Name is rejected | D91: Negative | E91: P1 | F91: Yes | J91: No | K91: Duplicate rejection was not directly exercised on this screen in M2 (exploration.md §2.2, FLAKE-004 — the duplicate-name-uniqueness check attempt ended in an unreproduced HTTP 500 and session expiry before the rejection message could be captured verbatim); the exact "Already exists" wording is assumed by analogy, not verbatim-confirmed here. Confirm during M4 before automating. | N91: =IF(OR(H91="",L91=""),"",IF(AND(H91=F91,L91=J91),"Yes","No"))
A92: TC_ADM_JOB_048 | B92: Work Shifts | C92: Shift Name boundary length (51 characters) | D92: Boundary | E92: P2 | F92: Yes | J92: No | K92: The 51-character boundary (truncation vs. an explicit length error) was not exercised on any screen during M2 (exploration.md §2); Constitution Article V.3 forbids hard-coding an assumed expected result for a scenario that has not been exploration-verified. Resolve during M4 manual execution, then re-classify for M5. | N92: =IF(OR(H92="",L92=""),"",IF(AND(H92=F92,L92=J92),"Yes","No"))
A93: TC_ADM_JOB_049 | B93: Work Shifts | C93: Overnight Work Shift time ordering is rejected | D93: Boundary | E93: P1 | F93: Yes | J93: Yes | N93: =IF(OR(H93="",L93=""),"",IF(AND(H93=F93,L93=J93),"Yes","No"))
A94: TC_ADM_JOB_050 | B94: Work Shifts | C94: Edit an existing Work Shifts record | D94: Functional | E94: P1 | F94: Yes | J94: Yes | K94: Wave 2 — parameter variant of TC_ADM_JOB_006: edit, data-driven for Work Shifts. Same page object/component; implement as an added data row, not new code. | N94: =IF(OR(H94="",L94=""),"",IF(AND(H94=F94,L94=J94),"Yes","No"))
A95: TC_ADM_JOB_051 | B95: Work Shifts | C95: Cancel discards changes on Work Shifts | D95: Negative | E95: P2 | F95: Yes | J95: Yes | K95: Wave 2 — parameter variant of TC_ADM_JOB_007: cancel, data-driven for Work Shifts. Same page object/component; implement as an added data row, not new code. | N95: =IF(OR(H95="",L95=""),"",IF(AND(H95=F95,L95=J95),"Yes","No"))
A96: TC_ADM_JOB_052 | B96: Work Shifts | C96: Delete a Work Shifts record with confirmation | D96: Functional | E96: P1 | F96: Yes | J96: Yes | K96: Wave 2 — parameter variant of TC_ADM_JOB_008: delete-confirm, data-driven for Work Shifts. Same page object/component; implement as an added data row, not new code. | N96: =IF(OR(H96="",L96=""),"",IF(AND(H96=F96,L96=J96),"Yes","No"))
A97: TC_ADM_JOB_053 | B97: Work Shifts | C97: Cancelling delete preserves the Work Shifts record | D97: Negative | E97: P2 | F97: Yes | J97: Yes | K97: Wave 2 — parameter variant of TC_ADM_JOB_009: delete-cancel, data-driven for Work Shifts. Same page object/component; implement as an added data row, not new code. | N97: =IF(OR(H97="",L97=""),"",IF(AND(H97=F97,L97=J97),"Yes","No"))
A98: TC_ADM_JOB_054 | B98: Work Shifts | C98: Duplicate employee assignment to the same Work Shift is rejected | D98: Negative | E98: P3 | F98: Yes | J98: No | K98: Not exercised during M2; only the overnight time-ordering case was battery-tested on Work Shifts (exploration.md §2.2). | N98: =IF(OR(H98="",L98=""),"",IF(AND(H98=F98,L98=J98),"Yes","No"))
A99: TC_ADM_JOB_055 | B99: Work Shifts | C99: Removing an assigned employee via chip removal | D99: Functional | E99: P3 | F99: Yes | J99: No | K99: Not exercised during M2 (exploration.md §2.2). | N99: =IF(OR(H99="",L99=""),"",IF(AND(H99=F99,L99=J99),"Yes","No"))
A100: TC_ADM_ORG_001 | B100: General Information | C100: Fields are read-only until Edit is toggled | D100: UI/UX | E100: P1 | F100: Yes | J100: Yes | N100: =IF(OR(H100="",L100=""),"",IF(AND(H100=F100,L100=J100),"Yes","No"))
...

Sheet Guidance
A1: Guidance — how to decide "valid in scope" and "needs automation"
A2: These two columns exist so a human can check whether the AI understood the requirements. The AI filled them first; the Review sheet shows its suggestion and reason next to a blank cell for yours. Use the criteria below so your calls stay consistent from row to row. Where you disagree, write why: disagreements are the useful output of this review.
A4: 1. How to fill the Review sheet
A5: Edit only the yellow cells in columns H, I, L and M. Pick Yes or No from each dropdown. A reason is required whenever you pick No. If you mark a case out of scope (H = No), mark it No for automation too (L = No): an out-of-scope case cannot be automated, and the sheet turns such a cell purple. The example below shows a filled row. It sits here, not on the Review sheet, so every Review answer stays yours.
A6: TC_ID | B6: MY_valid_in_scope | C6: MY_scope_reason | D6: MY_needs_automation | E6: MY_automation_reason
A7: TC_ADM_CFG_013 (example) | B7: No | C7: Disabling a module changes every logged-in user's sidebar at once on the shared demo. | D7: No | E7: Out of scope, so not automated.
A9: 2. When a case is OUT of scope (valid in scope = No)
A10: Ask: can this case be executed through the UI on this shared public demo, safely, and does the behaviour it tests actually exist on build 5.9? If any answer is no, the case is out of scope.
A11: Criterion | B11: Plain-language test | C11: What it looks like here | D11: Current AI "No" cases | E11: Note
A12: Blast radius | B12: Would running it change something for every other user of the demo at once? | C12: Publishing or resetting branding, toggling Modules, enabling LDAP. | D12: 3 | E12: Constitution VI.3: high-blast-radius screens default to observe-only.
A13: Blocked by a known defect | B13: Does a bug stop the steps from being carried out at all? | C13: A defect that makes a screen unusable, not one that gives a wrong result. | D13: 0 | E13: None today. BUG-001, BUG-002 and BUG-003 cases can all be executed; their tests assert the actual (wrong) behaviour as known-defect guards. A bug only makes a case out of scope if it prevents execution.
A14: Not present on build 5.9 | B14: Does the field, rule or control the case tests actually exist on this build? | C14: A format rule on a free-text field that has none; fields the spec describes but the screen does not show. | D14: 12 | E14: Decided from what M2 exploration observed, not from what the spec assumed.
A15: Outside UI scope | B15: Does checking the result need anything beyond the browser (email inbox, API, database)? | C15: Sending a real test email. | D15: 1 | E15: Constitution 1.3: email delivery, API and database checks are permanently out of scope.
A16: Unreachable with self-contained data | B16: Can the test create the state it needs with its own e2e_ records and a small footprint? | C16: Forcing a second page of users by creating 50+ accounts. | D16: 1 | E16: Not in your list, but it is the stated reason for one current case, so it is listed for consistency.
A18: 3. When a case is NOT worth automating (needs automation = No)
A19: Ask: would an automated check give a repeatable, deterministic yes/no answer that is worth the cost of maintaining it? Automate when the result is objective, the test can create and clean up its own data, and a regression would matter.
A20: Criterion | B20: Plain-language test | C20: What it looks like here | D20: Current in-scope AI "No" cases | E20: Note
A21: Visual judgement | B21: Does passing depend on a person judging how it looks? | C21: Branding previews, colour and layout appearance. | D21: 1 | E21: Counted together with colour pickers below; one case covers both.
A22: Colour pickers | B22: Is the main interaction a colour picker? | C22: Primary/Secondary/Font/Gradient colour fields on Corporate Branding. | D22: (see above) | E22: Also carries a global revert burden on the shared demo.
A23: File-dialog heavy | B23: Does the flow depend on OS file dialogs or many file fixtures? | C23: Attaching, replacing or deleting a Job Specification file; branding logo uploads. | D23: 0 | E23: No current case gives this as its reason, although 5 of them (JOB_010 to JOB_013, BRD_003) are upload flows. Their stated reason is "not observed before M3". Playwright can set files without a dialog, so this alone may not justify No.
A24: Non-deterministic | B24: Could the same steps give different results on different runs for reasons outside the test? | C24: Results that depend on other users' concurrent data, timing, or server hiccups. | D24: 0 | E24: No current case gives this as its reason. Flaky shared-demo behaviour is handled by the healing log, not by excluding cases.
A25: Expected result not yet observed | B25: Is the correct outcome known from observation, or only assumed from the spec? | C25: Duplicate-name wording, 51-character limits, validation messages never seen in M2. | D25: 44 | E25: The most common AI reason. See section 5: M4 has since observed all of these.
A26: Shared-state mutation | B26: Does it change instance-wide settings or shared structure that must be reverted exactly? | C26: Email subscriptions, Localization date format, Organization Structure nodes. | D26: 5 | E26: Automatable only with a guaranteed revert or dedicated seed data.
A28: 4. Worked examples — the 17 cases the AI marked out of scope
A29: TC_ID | B29: Sub_Module | C29: Title | D29: Category | E29: AI reason (verbatim from test_design.csv)
A30: TC_ADM_USR_023 | B30: User Management > Users | C30: Pagination integrity on the Users list | D30: Unreachable with self-contained data (would need 50+ owned records to force a second page) | E30: Exploration.md §2.1 recorded that every observation window on this screen showed ≤11 records — well under one page — and creating 50+ owned e2e_ users to force pagination would violate the self-contained/minimal-footprint spirit of Constitution Article VI. Pagination (BR-07) is instead exercised on Nationalities (see TC_ADM_NAT), the only Admin screen with enough records (exploration.md §2.1, §2.5).
A31: TC_ADM_JOB_005 | B31: Job Titles | C31: Job Title invalid format | D31: Not present on build 5.9 (no format rule exists for this free-text field) | E31: Field is free-form text with no format constraint distinct from its mandatory/length rules on this build; no separate format-specific validation was observed for this field during M2 (exploration.md §2), and none is applicable beyond the mandatory/duplicate/boundary cases already covered.
A32: TC_ADM_JOB_018 | B32: Pay Grades | C32: Name invalid format | D32: Not present on build 5.9 (no format rule exists for this free-text field) | E32: Field is free-form text with no format constraint distinct from its mandatory/length rules on this build; no separate format-specific validation was observed for this field during M2 (exploration.md §2), and none is applicable beyond the mandatory/duplicate/boundary cases already covered.
A33: TC_ADM_JOB_030 | B33: Employment Status | C33: Employment Status invalid format | D33: Not present on build 5.9 (no format rule exists for this free-text field) | E33: Field is free-form text with no format constraint distinct from its mandatory/length rules on this build; no separate format-specific validation was observed for this field during M2 (exploration.md §2), and none is applicable beyond the mandatory/duplicate/boundary cases already covered.
A34: TC_ADM_JOB_040 | B34: Job Categories | C34: Job Category invalid format | D34: Not present on build 5.9 (no format rule exists for this free-text field) | E34: Field is free-form text with no format constraint distinct from its mandatory/length rules on this build; no separate format-specific validation was observed for this field during M2 (exploration.md §2), and none is applicable beyond the mandatory/duplicate/boundary cases already covered.
A35: TC_ADM_ORG_010 | B35: Locations | C35: Name invalid format | D35: Not present on build 5.9 (no format rule exists for this free-text field) | E35: Field is free-form text with no format constraint distinct from its mandatory/length rules on this build; no separate format-specific validation was observed for this field during M2 (exploration.md §2), and none is applicable beyond the mandatory/duplicate/boundary cases already covered.
A36: TC_ADM_QUA_005 | B36: Skills | C36: Name invalid format | D36: Not present on build 5.9 (no format rule exists for this free-text field) | E36: Field is free-form text with no format constraint distinct from its mandatory/length rules on this build; no separate format-specific validation was observed for this field during M2 (exploration.md §2), and none is applicable beyond the mandatory/duplicate/boundary cases already covered.
A37: TC_ADM_QUA_015 | B37: Education | C37: Level invalid format | D37: Not present on build 5.9 (no format rule exists for this free-text field) | E37: Field is free-form text with no format constraint distinct from its mandatory/length rules on this build; no separate format-specific validation was observed for this field during M2 (exploration.md §2), and none is applicable beyond the mandatory/duplicate/boundary cases already covered.
A38: TC_ADM_QUA_024 | B38: Licenses | C38: Name invalid format | D38: Not present on build 5.9 (no format rule exists for this free-text field) | E38: Field is free-form text with no format constraint distinct from its mandatory/length rules on this build; no separate format-specific validation was observed for this field during M2 (exploration.md §2), and none is applicable beyond the mandatory/duplicate/boundary cases already covered.
A39: TC_ADM_QUA_033 | B39: Languages | C39: Name invalid format | D39: Not present on build 5.9 (no format rule exists for this free-text field) | E39: Field is free-form text with no format constraint distinct from its mandatory/length rules on this build; no separate format-specific validation was observed for this field during M2 (exploration.md §2), and none is applicable beyond the mandatory/duplicate/boundary cases already covered.
A40: TC_ADM_QUA_042 | B40: Memberships | C40: Name invalid format | D40: Not present on build 5.9 (no format rule exists for this free-text field) | E40: Field is free-form text with no format constraint distinct from its mandatory/length rules on this build; no separate format-specific validation was observed for this field during M2 (exploration.md §2), and none is applicable beyond the mandatory/duplicate/boundary cases already covered.
... A46: TC_ADM_CFG_019 | B46: LDAP Configuration | C46: Enable/Test Connection/Save are never exercised | D46: Blast radius on the shared demo (global change for every concurrent user) | E46: The screen carries its own on-page warning that incorrect configuration "may result in corrupted data" and recommends a database backup first; exploration.md §2.7/§9 explicitly states Enable, Test Connection, and Save were never clicked and this is "Not recommended for any mutation, ever, on this instance" — same blast-radius category as Configuration > Modules.
A48: 5. Evidence added after the AI made its suggestions (50 in-scope "not worth automating" cases)
A49: The AI set these values at M3. For 44 of these 50 cases its reason was that the behaviour had not been observed yet, so there was no verified expected result to assert. M4 then executed every in-scope case manually. All 50 of these were run: 49 passed and 1 failed (TC_ADM_JOB_004, which filed BUG-004). So for most of them, the evidence that reason was waiting for now exists. This is not a recommendation to change them. It is the information most likely to make your answer differ from the AI's.
A50: TC_ID | B50: Sub_Module | C50: Title | D50: AI reason category | E50: M4 manual result (agent_execution_report.html)
A51: TC_ADM_JOB_003 | B51: Job Titles | C51: Duplicate Job Title is rejected | D51: Expected result not observed before M3 (Constitution V.3) | E51: Pass: On same Add form, typed Job Title = `Account Assistant` (existing record), clicked Save. Textbox showed inline error `Already exists` (verbatim). No record created, stayed on Add form.
A52: TC_ADM_JOB_004 | B52: Job Titles | C52: Job Title boundary length (51 characters) | D52: Expected result not observed before M3 (Constitution V.3) | E52: Fail: Entered a 51-character Job Title (`e2e_m4b2r_00000000000000000000000000000000000000000`), clicked Save. Toast `Successfully Saved` appeared (no truncation error, no length-validation error of any kind). Reloaded the list
A53: TC_ADM_JOB_010 | B53: Job Titles | C53: Attach a Job Specification file within the 1MB limit | D53: Expected result not observed before M3 (Constitution V.3) | E53: Pass: Clicked Add, entered Job Title `e2e_m4b2r_jobtitle_attach_20260923`, attached a small (~80 byte) `.txt` file (`e2e_m4b2r_jobspec_valid.txt`, well under 1MB) to Job Specification, clicked Save. Toast `Successfully Saved`.
A54: TC_ADM_JOB_011 | B54: Job Titles | C54: Attach an unsupported file type to Job Specification | D54: Expected result not observed before M3 (Constitution V.3) | E54: Pass: Clicked Add, entered Job Title `e2e_m4b2r_jobtitle_badfile_20260923`, attached an unsupported file type (`e2e_m4b2r_unsupported.exe`, plain text content, well under 1MB) to Job Specification. Inline error appeared immedi
A55: TC_ADM_JOB_012 | B55: Job Titles | C55: Replace an existing Job Specification attachment | D55: Expected result not observed before M3 (Constitution V.3) | E55: Pass: Opened record id 78 (from TC_ADM_JOB_010) for edit. Selected radio `Replace Current` (had to click the label text — the underlying `<input type=radio>` is not directly clickable, consistent with CLAUDE.md §5.2's checkbox
A56: TC_ADM_JOB_013 | B56: Job Titles | C56: Delete an existing Job Specification attachment | D56: Expected result not observed before M3 (Constitution V.3) | E56: Pass: On record id 78, selected radio `Delete Current`, clicked Save. Toast `Successfully Updated`. Navigating directly to `/admin/saveJobTitle/78` afterward produced a console 404 (`GET .../api/v2/admin/job-titles/78` -> 404)
A57: TC_ADM_JOB_016 | B57: Pay Grades | C57: Duplicate Name is rejected | D57: Expected result not observed before M3 (Constitution V.3) | E57: Pass: On same Add form, typed Name = `Grade 1` (existing record), clicked Save. Inline error `Already exists` (verbatim). No record created.
A58: TC_ADM_JOB_017 | B58: Pay Grades | C58: Name boundary length (51 characters) | D58: Expected result not observed before M3 (Constitution V.3) | E58: Pass: On same Add form, typed a 51-character Name (`e2e_m4b2r_00000000000000000000000000000000000000000`), clicked Save. Inline error `Should not exceed 50 characters` (verbatim) shown; Save blocked, no record created.
A59: TC_ADM_JOB_024 | B59: Pay Grades | C59: Duplicate currency on the same Pay Grade is rejected | D59: Expected result not observed before M3 (Constitution V.3) | E59: Pass: On record id 26 (which already has Euro assigned from TC_ADM_JOB_023/025), clicked Currencies "Add" again and opened the Currency dropdown. Inspected the full ~150-option listbox: `EUR - Euro` is absent from the list ent
A60: TC_ADM_JOB_028 | B60: Employment Status | C60: Duplicate Employment Status is rejected | D60: Expected result not observed before M3 (Constitution V.3) | E60: Pass: Typed Name = `Freelance` (existing record), clicked Save. Inline error `Already exists` (verbatim).
A61: TC_ADM_JOB_029 | B61: Employment Status | C61: Employment Status boundary length (51 characters) | D61: Expected result not observed before M3 (Constitution V.3) | E61: Pass: Typed a 51-character Name, clicked Save. Inline error `Should not exceed 50 characters` (verbatim) — same as Pay Grades (TC_ADM_JOB_017), consistent with the shared-component 50-char cap.
... A100: TC_ADM_CFG_020 | B100: Email Subscriptions | C100: Add and remove a subscriber on an Email Subscription | D100: Shared-state mutation needing a guaranteed revert or seed data | E100: Pass: Continuing in the same still-open Add Subscriber dialog from CFG_007: corrected the email to a valid `e2e_m4brdcfg2_sub@example.com`, clicked Save — the validation message cleared and, on a second Save click, the subscri

Sheet Summary
A1: Summary — AI suggestions vs. your decisions
A3: Test cases
A4: Total test cases | B4: =COUNTA(Review!$A$5:$A$207) -> 203 | C4: Rows on the Review sheet (matches test_design.csv).
A6: AI suggestions (from test_design.csv)
A7: valid in scope = Yes | B7: =COUNTIF(Review!$F$5:$F$207,"Yes") -> 186
A8: valid in scope = No | B8: =COUNTIF(Review!$F$5:$F$207,"No") -> 17
A9: needs automation = Yes | B9: =COUNTIF(Review!$J$5:$J$207,"Yes") -> 136
A10: needs automation = No | B10: =COUNTIF(Review!$J$5:$J$207,"No") -> 67
A12: Your decisions
A13: valid in scope: Yes / No / not yet filled
A14: Yes | B14: =COUNTIF(Review!$H$5:$H$207,"Yes") -> 0
A15: No | B15: =COUNTIF(Review!$H$5:$H$207,"No") -> 0
A16: not yet filled | B16: =B4-B14-B15 -> 203
A17: needs automation: Yes / No / not yet filled
A18: Yes | B18: =COUNTIF(Review!$L$5:$L$207,"Yes") -> 0
A19: No | B19: =COUNTIF(Review!$L$5:$L$207,"No") -> 0
A20: not yet filled | B20: =B4-B18-B19 -> 203
A21: Rows fully reviewed (both of your Yes/No cells set) | B21: =COUNTIF(Review!$N$5:$N$207,"Yes")+COUNTIF(Review!$N$5:$N$207,"No") -> 0
A23: Agreement
A24: Rows where you agree with the AI on both columns | B24: =COUNTIF(Review!$N$5:$N$207,"Yes") -> 0
A25: Rows where you disagree on at least one column | B25: =COUNTIF(Review!$N$5:$N$207,"No") -> 0
A26: AGREEMENT RATE | B26: =IF(B21=0,"Not yet filled in",B24/B21) -> Not yet filled in | C26: Placeholder until you fill the Review sheet: shows "Not yet filled in" until at least one row is fully reviewed, then agreed rows ÷ fully reviewed rows.
A27: valid in scope: rows where yours matches the AI | B27: =COUNTIFS(Review!$F$5:$F$207,"Yes",Review!$H$5:$H$207,"Yes")+COUNTIFS(Review!$F$5:$F$207,"No",Review!$H$5:$H$207,"No") -> 0
A28: valid in scope: agreement rate | B28: =IF(B14+B15=0,"Not yet filled in",B27/(B14+B15)) -> Not yet filled in
A29: needs automation: rows where yours matches the AI | B29: =COUNTIFS(Review!$J$5:$J$207,"Yes",Review!$L$5:$L$207,"Yes")+COUNTIFS(Review!$J$5:$J$207,"No",Review!$L$5:$L$207,"No") -> 0
A30: needs automation: agreement rate | B30: =IF(B18+B19=0,"Not yet filled in",B29/(B18+B19)) -> Not yet filled in
A32: Direction of disagreement
A33: Scope: AI said Yes, you said No | B33: =COUNTIFS(Review!$F$5:$F$207,"Yes",Review!$H$5:$H$207,"No") -> 0
A34: Scope: AI said No, you said Yes | B34: =COUNTIFS(Review!$F$5:$F$207,"No",Review!$H$5:$H$207,"Yes") -> 0
A35: Automation: AI said Yes, you said No | B35: =COUNTIFS(Review!$J$5:$J$207,"Yes",Review!$L$5:$L$207,"No") -> 0
A36: Automation: AI said No, you said Yes | B36: =COUNTIFS(Review!$J$5:$J$207,"No",Review!$L$5:$L$207,"Yes") -> 0
A38: Checks before handing the sheet back
A39: No without a reason (scope) | B39: =COUNTIFS(Review!$H$5:$H$207,"No",Review!$I$5:$I$207,"") -> 0 | C39: Should be 0. Every No needs a reason (CLAUDE.md §6).
A40: No without a reason (automation) | B40: =COUNTIFS(Review!$L$5:$L$207,"No",Review!$M$5:$M$207,"") -> 0 | C40: Should be 0.
A41: Out of scope but marked for automation | B41: =COUNTIFS(Review!$H$5:$H$207,"No",Review!$L$5:$L$207,"Yes") -> 0 | C41: Should be 0. An out-of-scope case cannot need automation.
